city,population,lat,lon,region_name,federal_district,foundation_year,area
Алейск,29,52.4922513,82.7793606,Алтайский край,Сибирский,1913,43.87
Барнаул,632.4,53.3479968,83.7798064,Алтайский край,Сибирский,1730,322.01
Белокуриха,15.2,51.996152,84.9839604,Алтайский край,Сибирский,1846,92.3
Бийск,199.5,52.5393864,85.2138453,Алтайский край,Сибирский,1709,291.67
Заринск,45.9,53.7063476,84.9315081,Алтайский край,Сибирский,1748,79.16
Камень-на-Оби,40.5,53.7913974,81.3545053,Алтайский край,Сибирский,1751,48.79
Рубцовск,141.6,51.5012067,81.2078695,Алтайский край,Сибирский,1892,84
Яровое,18.1,52.9252146,78.5729775,Алтайский край,Сибирский,1943,44.38
Белогорск,65.3,50.9213415,128.4739471,Амурская область,Дальневосточный,1860,117.6
Благовещенск,226.4,50.290659,127.527198,Амурская область,Дальневосточный,1756,320.97
Райчихинск,16.8,49.7941615,129.4112492,Амурская область,Дальневосточный,1932,388
Тында,33.2,55.1546441,124.7468904,Амурская область,Дальневосточный,1907,34
Шимановск,18.6,52.0051886,127.7005458,Амурская область,Дальневосточный,1910,50
Архангельск,347,64.5394289,40.5169606,Архангельская область,Северо-Западный,1584,294.42
Вельск,22.3,61.066,42.1032789,Архангельская область,Северо-Западный,1137,26.5
Коряжма,35.7,61.2885948,47.1003015,Архангельская область,Северо-Западный,1535,50.11
Котлас,62,61.2528972,46.633242,Архангельская область,Северо-Западный,1617,68.039
Мирный,32.9,62.7645265,40.3360076,Архангельская область,Северо-Западный,1955,50.8
Нарьян-Мар,25.1,67.6377777777778,53.0066666666667,Архангельская область,Северо-Западный,1929,19.53
Няндома,19.1,61.6654674,40.2062947,Архангельская область,Северо-Западный,1898,21
Северодвинск,182,64.5625385,39.8180934,Архангельская область,Северо-Западный,1936,120.51
Астрахань,529.8,46.3655652,48.0559236,Астраханская область,Южный,1558,208.7
Ахтубинск,36.5,48.2752034,46.1906462,Астраханская область,Южный,1768,17
Камызяк,15.7,46.110579,48.07333,Астраханская область,Южный,1560,24.08
Харабали,17.5,47.408999,47.2525345,Астраханская область,Южный,1789,36
Белгород,394.1,50.5976472,36.5856652,Белгородская область,Центральный,1596,153.1
Валуйки,34.2,50.2111207,38.0998772,Белгородская область,Центральный,1593,34
Новый Оскол,18.5,50.7633747,37.8775484,Белгородская область,Центральный,1637,23.63
Старый Оскол,223.9,51.2967101,37.8350182,Белгородская область,Центральный,1593,200.8
Шебекино,40.9,50.4004883,36.8877889,Белгородская область,Центральный,1713,41
Брянск,402.7,53.2419535,34.3652146,Брянская область,Центральный,985,186.73
Карачев,17.2,53.1296524,34.9888727,Брянская область,Центральный,1146,15
Клинцы,63,52.7529119,32.233911,Брянская область,Центральный,1707,64
Новозыбков,39.5,52.537173,31.9357991,Брянская область,Центральный,1701,31.5
Почеп,16.4,52.9154851,33.4744058,Брянская область,Центральный,1447,20
Стародуб,18.2,52.5852257,32.760403,Брянская область,Центральный,1080,21.73
Унеча,22.8,52.8461199,32.6757629,Брянская область,Центральный,1887,15
Александров,57.9,56.391819,38.7111123,Владимирская область,Центральный,1300,26.16
Владимир,356.9,56.1280804,40.4084376,Владимирская область,Центральный,990,137.14
Вязники,34.5,56.29773,42.2687398,Владимирская область,Центральный,1608,40.75
Гусь-Хрустальный,52.8,55.6198751,40.6579929,Владимирская область,Центральный,1756,43
Киржач,26.7,56.1486863,38.8635701,Владимирская область,Центральный,1332,30.03
Ковров,135.7,56.3554349,41.3170576,Владимирская область,Центральный,1100,57.4
Кольчугино,42,56.3327254,39.391336,Владимирская область,Центральный,1871,31
Муром,107,55.5630311,42.0231362,Владимирская область,Центральный,862,43.78
Радужный,18.3,55.9960277,40.3321855,Владимирская область,Центральный,1971,113.2
Собинка,17.3,55.9939169,40.0179653,Владимирская область,Центральный,1858,19.68
Юрьев-Польский,18.1,56.4937757,39.6680539,Владимирская область,Центральный,1152,10
Волгоград,1009,48.7070042,44.5170339,Волгоградская область,Южный,1589,859.353
Волжский,323.9,48.7978209,44.7462538,Волгоградская область,Южный,1951,150
Жирновск,15.5,50.9768814,44.7858202,Волгоградская область,Южный,1700,27
Калач-на-Дону,23.6,48.6889024,43.5306303,Волгоградская область,Южный,1708,18
Камышин,109.9,50.0651529,45.3844202,Волгоградская область,Южный,1668,81
Котельниково,20.4,47.6310259,43.1330872,Волгоградская область,Южный,1897,40
Краснослободск,17.1,48.7068721,44.5630857,Волгоградская область,Южный,1870,84
Суровикино,18.2,48.618917,42.8541163,Волгоградская область,Южный,1744,33.433
Урюпинск,36.7,50.7903789,42.0288513,Волгоградская область,Южный,1618,39.32
Фролово,36.2,49.7649148,43.6648641,Волгоградская область,Южный,1859,60
Великий Устюг,31,60.7603913,46.3054414,Вологодская область,Северо-Западный,1147,17
Вологда,310.3,59.2483905,39.8355662,Вологодская область,Северо-Западный,1147,116
Череповец,314.8,59.1269212,37.9090497,Вологодская область,Северо-Западный,1777,131
Борисоглебск,59.9,51.3655754,42.1008334,Воронежская область,Центральный,1698,55.26
Бутурлиновка,24,50.8311818,40.5976923,Воронежская область,Центральный,1740,37.72
Воронеж,1058.3,51.6593332,39.1969229,Воронежская область,Центральный,1586,596.51
Лиски,53.5,50.9945626,39.5184909,Воронежская область,Центральный,1500,64.77
Нововоронеж,31.5,51.3091524,39.2162843,Воронежская область,Центральный,1957,46.13
Острогожск,31.8,50.8677905,39.0407746,Воронежская область,Центральный,1652,22
Павловск,24.5,50.453455,40.136874,Воронежская область,Центральный,1709,8.22
Поворино,16.7,51.1954419,42.2472726,Воронежская область,Центральный,1870,18
Россошь,62.6,50.1701949,39.6226965,Воронежская область,Центральный,1600,59.06
Семилуки,27,51.6951644,39.0190454,Воронежская область,Центральный,1615,14
Биробиджан,71.8,48.7946446,132.9217207,Еврейская автономная область,Дальневосточный,1915,169.38
Борзя,29.2,50.3876058,116.5234779,Забайкальский край,Дальневосточный,1899,184
Краснокаменск,51.4,50.0929703,118.0323936,Забайкальский край,Дальневосточный,1967,73
Петровск-Забайкальский,15.8,51.2748592,108.846681,Забайкальский край,Дальневосточный,1789,300
Чита,351.8,52.0340142,113.4994,Забайкальский край,Дальневосточный,1653,539
Вичуга,33.3,57.2044698,41.9132201,Ивановская область,Центральный,1925,30
Иваново,404.6,56.9993792,40.9728272,Ивановская область,Центральный,1561,104.84
Кинешма,81,57.4425463,42.168914,Ивановская область,Центральный,1429,49
Кохма,30.2,56.9324606,41.0931657,Ивановская область,Центральный,1619,12.6
Приволжск,15.3,57.3805743,41.2808565,Ивановская область,Центральный,1484,16
Тейково,31.8,56.8542719,40.5353874,Ивановская область,Центральный,1600,26.8
Шуя,57,56.8560234,41.3800939,Ивановская область,Центральный,1394,33.29
Ангарск,224.6,52.544879,103.888543,Иркутская область,Сибирский,1948,294
Братск,226.3,56.1513108,101.6340035,Иркутская область,Сибирский,1631,262.94
Вихоревка,20.8,56.1208145,101.1702926,Иркутская область,Сибирский,1947,15
Железногорск-Илимский,22.9,56.5847888,104.114275,Иркутская область,Сибирский,1948,102
Иркутск,623.6,52.2864036,104.2807466,Иркутская область,Сибирский,1661,279.98
Нижнеудинск,33.6,54.8968931,99.0314056,Иркутская область,Сибирский,1648,75
Саянск,38.8,54.1107238,102.18015,Иркутская область,Сибирский,1970,83
Тайшет,32.7,55.9405334,98.0030145,Иркутская область,Сибирский,1897,75.72
Тулун,39.7,54.557162,100.5780603,Иркутская область,Сибирский,1735,128
Усолье-Сибирское,76,52.7565808,103.6388109,Иркутская область,Сибирский,1669,74
Усть-Илимск,80.4,57.9430504,102.7415734,Иркутская область,Сибирский,1966,206.285
Усть-Кут,40.8,56.7928178,105.7757343,Иркутская область,Сибирский,1631,56
Черемхово,50.1,53.1369095,103.0901268,Иркутская область,Сибирский,1772,113.99
Нальчик,239.6,43.4845464,43.60713,Кабардино-Балкарская Республика,Северо-Кавказский,1724,67
Нарткала,30.6,43.5578075,43.8575925,Кабардино-Балкарская Республика,Северо-Кавказский,1913,9.45
Прохладный,58.2,43.7589602,44.0102409,Кабардино-Балкарская Республика,Северо-Кавказский,1765,35.08
Тырныауз,20.6,43.3981585,42.9213582,Кабардино-Балкарская Республика,Северо-Кавказский,1934,61.8
Чегем,18.4,43.5671525,43.5865792,Кабардино-Балкарская Республика,Северо-Кавказский,1822,77.85
Балтийск,33.7,54.6513372,19.9140572,Калининградская область,Северо-Западный,1626,49.1
Гурьевск,19.3,54.770638,20.6039767,Калининградская область,Северо-Западный,1262,90
Гусев,28.5,54.5915455,22.1942445,Калининградская область,Северо-Западный,1500,16.25
Зеленоградск,16.5,54.9600185,20.4753652,Калининградская область,Северо-Западный,1252,17
Калининград,489.3,54.7074702,20.5073241,Калининградская область,Северо-Западный,1255,224.7
Черняховск,35.4,54.6244751,21.7969062,Калининградская область,Северо-Западный,1336,58
Калуга,332,54.5059848,36.2516245,Калужская область,Центральный,1371,168.8
Киров,29.9,54.0790111,34.3076201,Калужская область,Центральный,1744,36.48
Козельск,16.4,54.0347201,35.780768,Калужская область,Центральный,1100,10
Людиново,37.3,53.8700828,34.4385915,Калужская область,Центральный,1626,43
Обнинск,117.4,55.0943144,36.6121639,Калужская область,Центральный,1946,50.15
Вилючинск,22.2,52.9302415,158.4057632,Камчатский край,Дальневосточный,1968,341.24
Елизово,39.3,53.1830375,158.3883548,Камчатский край,Дальневосточный,1848,70
Петропавловск-Камчатский,179.6,53.036908,158.6559254,Камчатский край,Дальневосточный,1740,362.14
Карачаевск,20.8,43.7732525,41.9143472,Карачаево-Черкесская Республика,Северо-Кавказский,1926,11.84
Черкесск,123.2,44.2269425,42.0466704,Карачаево-Черкесская Республика,Северо-Кавказский,1825,69.8
Анжеро-Судженск,68.1,56.0786281,86.0201278,Кемеровская область - Кузбасс,Сибирский,1896,106.03
Белово,71.2,54.4220968,86.3037373,Кемеровская область - Кузбасс,Сибирский,1726,92
Гурьевск,22.4,54.2859263,85.9475985,Кемеровская область - Кузбасс,Сибирский,1816,90
Калтан,20.4,53.5210919,87.2771636,Кемеровская область - Кузбасс,Сибирский,1946,32.36
Кемерово,556.4,55.3910651,86.0467781,Кемеровская область - Кузбасс,Сибирский,1701,294.8
Киселевск,86.6,54.0059999,86.6366116,Кемеровская область - Кузбасс,Сибирский,1917,160
Ленинск-Кузнецкий,94.4,54.6674492,86.1797324,Кемеровская область - Кузбасс,Сибирский,1763,128
Мариинск,37.9,56.2127383,87.7454924,Кемеровская область - Кузбасс,Сибирский,1698,57.2
Междуреченск,96.3,53.6865289,88.0702754,Кемеровская область - Кузбасс,Сибирский,1946,332.56
Мыски,40.8,53.7125695,87.8055646,Кемеровская область - Кузбасс,Сибирский,1826,108.7
Новокузнецк,549.4,53.794315,87.2142745,Кемеровская область - Кузбасс,Сибирский,1618,424.27
Осинники,41.7,53.5988055,87.3371272,Кемеровская область - Кузбасс,Сибирский,1926,81
Полысаево,25.9,54.6055,86.2809208,Кемеровская область - Кузбасс,Сибирский,1952,49.295
Прокопьевск,190.3,53.8604265,86.7183577,Кемеровская область - Кузбасс,Сибирский,1650,227.5
Таштагол,22.9,52.759313,87.8476546,Кемеровская область - Кузбасс,Сибирский,1939,79
Топки,27.8,55.2764707,85.6152619,Кемеровская область - Кузбасс,Сибирский,1914,51.7
Юрга,80.8,55.7202694,84.8886399,Кемеровская область - Кузбасс,Сибирский,1886,44.8
Вятские Поляны,31.9,56.2284817,51.0614855,Кировская область,Приволжский,1596,28.34
Киров,518.3,58.6035264,49.6679304,Кировская область,Приволжский,1181,169.73
Кирово-Чепецк,69.8,58.5559424,50.0316848,Кировская область,Приволжский,1935,53.36
Котельнич,22.9,58.3034832,48.3475597,Кировская область,Приволжский,1143,29.2
Омутнинск,21.6,58.6698913,52.1894564,Кировская область,Приволжский,1773,45
Слободской,31.9,58.7311574,50.1669249,Кировская область,Приволжский,1505,49.6
Яранск,15.5,57.3040326,47.8478737,Кировская область,Приволжский,1584,18
Волгореченск,16.3,57.4424559,41.1594201,Костромская область,Центральный,1964,17.83
Кострома,276.9,57.768,40.927,Костромская область,Центральный,1152,144.5
Шарья,23.5,58.3760542,45.4062414,Костромская область,Центральный,1906,25.3
Абинск,39.1,44.8679655,38.1618157,Краснодарский край,Южный,1863,22
Анапа,88.9,44.8950433,37.3163282,Краснодарский край,Южный,1781,58.983
Апшеронск,39.5,44.4584006,39.7299824,Краснодарский край,Южный,1863,28
Армавир,189,45.0012149,41.1324168,Краснодарский край,Южный,1839,280
Белореченск,51.6,44.7651876,39.8781494,Краснодарский край,Южный,1862,38.48
Геленджик,76.8,44.5630007,38.0790852,Краснодарский край,Южный,1831,27.9
Горячий Ключ,40.3,44.6344864,39.1354738,Краснодарский край,Южный,1868,20.77
Гулькевичи,34.3,45.3605121,40.6918389,Краснодарский край,Южный,1875,20.84
Ейск,83.1,46.71157,38.2763895,Краснодарский край,Южный,1848,144
Краснодар,932.6,45.0401604,38.9759647,Краснодарский край,Южный,1793,339.31
Крымск,57.9,44.9344404,37.9855795,Краснодарский край,Южный,1862,91.76
Курганинск,48.2,44.8877025,40.5913245,Краснодарский край,Южный,1855,43.97
Лабинск,59.3,44.6354363,40.7245341,Краснодарский край,Южный,1841,46.41
Новокубанск,35.2,45.1038699,41.0475175,Краснодарский край,Южный,1867,27.97
Новороссийск,275,44.7235026,37.7686135,Краснодарский край,Южный,1838,81.1
Приморско-Ахтарск,32.3,46.0515432,38.1704875,Краснодарский край,Южный,1854,18.69
Славянск-на-Кубани,67.9,45.2603626,38.1259774,Краснодарский край,Южный,1865,43.5
Сочи,443.6,43.5854551,39.7231548,Краснодарский край,Южный,1838,176.77
Темрюк,41.4,45.2610949,37.4454412,Краснодарский край,Южный,1860,20.1
Тимашевск,50.8,45.615923,38.9351837,Краснодарский край,Южный,1794,30
Тихорецк,57.1,45.8546345,40.1260267,Краснодарский край,Южный,1895,78.05
Туапсе,61.2,44.1105335,39.0824904,Краснодарский край,Южный,1838,33.41
Усть-Лабинск,39.5,45.2227359,39.6929577,Краснодарский край,Южный,1794,37.15
Хадыженск,22.2,44.4122963,39.5320258,Краснодарский край,Южный,1864,17
Ачинск,105.5,56.253907,90.4794397,Красноярский край,Сибирский,1683,103.21
Боготол,19.6,56.2098468,89.5299336,Красноярский край,Сибирский,1893,62.81
Дивногорск,29.2,55.9576784,92.3800687,Красноярский край,Сибирский,1956,56.6
Дудинка,20.8,69.4031364,86.1907218,Красноярский край,Сибирский,1667,10.5
Енисейск,17.8,58.4485261,92.1651083,Красноярский край,Сибирский,1619,66.41
Железногорск (Красноярский край),82.6,56.2529035,93.532273,Красноярский край,Сибирский,1957,456.6
Железногорск (Курская обл.),100.4,52.3380202,35.3516867,Курская область,Центральный,1950,112
Зеленогорск,61.6,56.1131564,94.5888103,Красноярский край,Сибирский,1956,162
Кодинск,15.7,58.6032644,99.1797962,Красноярский край,Сибирский,1977,27
Красноярск,1093.8,56.0093879,92.8524806,Красноярский край,Сибирский,1628,379.5
Лесосибирск,59.3,58.221681,92.5037872,Красноярский край,Сибирский,1975,277
Минусинск,67.9,53.7104586,91.6872907,Красноярский край,Сибирский,1739,60.5
Норильск,181.8,69.3489978,88.2009846,Красноярский край,Сибирский,1935,30.14
Ужур,15.3,55.3141969,89.8333918,Красноярский край,Сибирский,1760,38.9
Шарыпово,36.7,55.5389739,89.1801044,Красноярский край,Сибирский,1700,30
Курган,312.4,55.4443883,65.3161963,Курганская область,Уральский,1679,394
Шадринск,74.7,56.0870344,63.6297182,Курганская область,Уральский,1662,171.5324
Курск,453,51.7303637,36.1925603,Курская область,Центральный,1032,208.2
Курчатов,38.1,51.6604083,35.6572224,Курская область,Центральный,1968,56.5
Льгов,18.1,51.6597148,35.2612491,Курская область,Центральный,1152,37.4
Бокситогорск,15.1,59.4734797,33.845688,Ленинградская область,Северо-Западный,1929,13
Волхов,44.3,59.9005958,32.3520756,Ленинградская область,Северо-Западный,1918,108
Всеволожск,74.7,60.0191278,30.6456718,Ленинградская область,Северо-Западный,1892,62.264
Выборг,75.4,60.7130801,28.7328336,Ленинградская область,Северо-Западный,1293,160.847
Гатчина,91.7,59.565237,30.1282473,Ленинградская область,Северо-Западный,1499,28.75
Кингисепп,45.2,59.3740435,28.6112444,Ленинградская область,Северо-Западный,1384,44.03
Кириши,50.5,59.4742862,32.0624947,Ленинградская область,Северо-Западный,1693,63.34
Кировск,26.9,59.8754216,30.981364,Ленинградская область,Северо-Западный,1931,84.9
Кудрово,41.1,59.9075226,30.5121008,Ленинградская область,Северо-Западный,1926,5
Луга,34.6,58.7374031,29.8465776,Ленинградская область,Северо-Западный,1777,13
Мурино,64.9,60.044862,30.4571456,Ленинградская область,Северо-Западный,1676,13.36
Пикалево,19.7,59.5132022,34.1772776,Ленинградская область,Северо-Западный,1927,38
Подпорожье,16.7,60.9127549,34.1567664,Ленинградская область,Северо-Западный,1936,30
Приозерск,17.8,61.0330896,30.1587851,Ленинградская область,Северо-Западный,1100,16.5
Светогорск,15.2,61.1111282,28.8725865,Ленинградская область,Северо-Западный,1887,49.54
Сертолово,56.6,60.1446932,30.2095918,Ленинградская область,Северо-Западный,1936,27.49
Сланцы,32.2,59.1178185,28.0881475,Ленинградская область,Северо-Западный,1934,36
Сосновый Бор,67.7,59.8772884,29.1291619,Ленинградская область,Северо-Западный,1958,88
Тихвин,58.1,59.6272904,33.5072731,Ленинградская область,Северо-Западный,1383,25.4
Грязи,46.7,52.4874097,39.9331142,Липецкая область,Центральный,1868,33
Данков,18.7,53.2577411,39.1456184,Липецкая область,Центральный,1563,21
Елец,102.3,52.6152411,38.5289342,Липецкая область,Центральный,1146,71
Липецк,508.6,52.610249,39.5947883,Липецкая область,Центральный,1703,330.15
Магадан,92.1,59.5681332,150.8084956,Магаданская область,Дальневосточный,1929,295
Москва,12655.1,55.7540471,37.620405,Москва,Центральный,1147,2561.5
Апрелевка,30.7,55.5276918,37.065143,Московская область,Центральный,1899,29
Балашиха,507.4,55.796389,37.938283,Московская область,Центральный,1830,67.4848
Бронницы,22.5,55.4255379,38.264145,Московская область,Центральный,1453,22.16
Видное,77,55.551725,37.7061984,Московская область,Центральный,1949,16.1
Волоколамск,18.4,56.0356499,35.9585112,Московская область,Центральный,1135,30
Воскресенск,92.9,55.3071519,38.7027953,Московская область,Центральный,1862,38.78
Голицыно,17.5,55.6190582,36.9856793,Московская область,Центральный,1872,20
Дедовск,30.5,55.8703276,37.1245043,Московская область,Центральный,1911,7
Дзержинский,56.4,55.6240869,37.8440276,Московская область,Центральный,1380,16
Дмитров,68.8,56.3477457,37.526672,Московская область,Центральный,1154,26
Долгопрудный,116,55.9385999,37.5101021,Московская область,Центральный,1931,30.52
Дубна,75,56.741786,37.1757223,Московская область,Центральный,1956,63.15
Егорьевск,72.8,55.3830113,39.0358317,Московская область,Центральный,1462,29
Жуковский,107.6,55.599803,38.1224298,Московская область,Центральный,1935,47.29
Зарайск,22.8,54.762456,38.8850978,Московская область,Центральный,1146,20.5
Звенигород,22.3,55.7297089,36.8554029,Московская область,Центральный,1152,48.1
Ивантеевка,81.3,55.9741665,37.9207539,Московская область,Центральный,1564,14.59
Кашира,47.4,54.853337,38.1904392,Московская область,Центральный,1356,26.35
Клин,79.7,56.3425605,36.7240032,Московская область,Центральный,1317,42
Коломна,140.1,55.102814,38.7531002,Московская область,Центральный,1177,65.1
Королев,225.9,55.9161773,37.8545415,Московская область,Центральный,1938,36
Котельники,49,55.6597925,37.8631156,Московская область,Центральный,1600,14.24
Красноармейск,26.3,56.105426,38.140838,Московская область,Центральный,1928,156.43
Красногорск,175.6,55.8317203,37.3295266,Московская область,Центральный,1932,25.65
Кубинка,20.1,55.5754955,36.6951995,Московская область,Центральный,1400,4
Куровское,20.6,55.5792277,38.9207723,Московская область,Центральный,1646,9
Ликино-Дулево,28.8,55.7078257,38.9578093,Московская область,Центральный,1930,14
Лобня,90.2,56.0328881,37.4614035,Московская область,Центральный,1902,31.56
Лосино-Петровский,25.4,55.8713214,38.200599,Московская область,Центральный,1708,9.16
Луховицы,30.4,54.9652077,39.0260266,Московская область,Центральный,1594,16.1
Лыткарино,59.2,55.5778163,37.9033507,Московская область,Центральный,1429,17.29
Люберцы,205.3,55.7003989,37.9606238,Московская область,Центральный,1623,12.87
Можайск,30.1,55.5069259,36.024043,Московская область,Центральный,1231,17.8
Мытищи,235.5,55.9105782,37.7363579,Московская область,Центральный,1460,34.59
Наро-Фоминск,64.9,55.386185,36.734484,Московская область,Центральный,1840,22
Ногинск,104,55.8686133,38.4622104,Московская область,Центральный,1389,43.348
Одинцово,135.5,55.6789455,37.263686,Московская область,Центральный,1470,19.6
Озеры,24.7,54.8541006,38.5599196,Московская область,Центральный,1834,12
Орехово-Зуево,118.3,55.8151421,38.9869822,Московская область,Центральный,1917,36.38
Павловский Посад,63.6,55.7807244,38.6596983,Московская область,Центральный,1328,39
Подольск,308.1,55.4389322,37.5703482,Московская область,Центральный,1559,40.39
Протвино,35.4,54.8705984,37.2182749,Московская область,Центральный,1960,26.69
Пушкино,107.6,56.0103638,37.8471403,Московская область,Центральный,1499,60.33
Пущино,20.7,54.8324412,37.6210346,Московская область,Центральный,1956,18.23
Раменское,121.9,55.5495132,38.2728914,Московская область,Центральный,1328,59.46
Рошаль,20,55.6632776,39.8656147,Московская область,Центральный,1916,35
Сергиев Посад,100.3,56.3062548,38.1502661,Московская область,Центральный,1337,50.4
Серпухов,126.3,54.9226466,37.4033859,Московская область,Центральный,1339,32.1
Солнечногорск,50.2,56.185102,36.977631,Московская область,Центральный,1700,21
Старая Купавна,24.2,55.810648,38.175624,Московская область,Центральный,1300,10.62
Ступино,65.9,54.886274,38.078228,Московская область,Центральный,1938,35.5
Фрязино,59.5,55.9590588,38.0410235,Московская область,Центральный,1584,9
Химки,259.6,55.888657,37.4303702,Московская область,Центральный,1850,109.8
Хотьково,21.3,56.2516982,37.9396017,Московская область,Центральный,1308,11
Черноголовка,21.3,56.0100707,38.3792047,Московская область,Центральный,1710,2.023
Чехов,72.3,55.1508011,37.4533252,Московская область,Центральный,1175,23
Шатура,32,55.5777427,39.5445712,Московская область,Центральный,1423,36
Щелково,126.1,55.9233801,37.9783707,Московская область,Центральный,1500,52
Электрогорск,22.7,55.8780241,38.7806752,Московская область,Центральный,1912,39.81
Электросталь,156,55.7847291,38.4447045,Московская область,Центральный,1916,51.45
Электроугли,21.3,55.7170877,38.2192563,Московская область,Центральный,1899,4.5
Апатиты,54.7,67.5677761,33.4067929,Мурманская область,Северо-Западный,1926,37.5
Кандалакша,30.4,67.1567974,32.4143218,Мурманская область,Северо-Западный,1517,31
Кировск,26,67.6150424,33.663735,Мурманская область,Северо-Западный,1929,84.9
Ковдор,16.3,67.5661417,30.4741941,Мурманская область,Северо-Западный,1953,8
Мончегорск,41.2,67.9386153,32.9359719,Мурманская область,Северо-Западный,1937,36.5
Мурманск,287.8,69.007721,33.0685865,Мурманская область,Северо-Западный,1916,168.14
Оленегорск,20.3,68.1422058,33.2669407,Мурманская область,Северо-Западный,1949,38.8
Полярный,17.5,69.1989583,33.4508591,Мурманская область,Северо-Западный,1896,358.05
Североморск,53.6,69.0766801,33.4177759,Мурманская область,Северо-Западный,1896,60
Арзамас,104,55.3945814,43.8408141,Нижегородская область,Приволжский,1552,34.32
Балахна,48.5,56.495036,43.5758423,Нижегородская область,Приволжский,1474,48
Бор,76.9,56.3565458,44.0646481,Нижегородская область,Приволжский,1300,147
Выкса,53,55.3207727,42.1678834,Нижегородская область,Приволжский,1500,34
Городец,29.7,56.6449218,43.4723104,Нижегородская область,Приволжский,1152,124.2
Дзержинск,229,56.2376047,43.4599416,Нижегородская область,Приволжский,1606,421
Кстово,67.8,56.1432084,44.1664198,Нижегородская область,Приволжский,1300,59
Кулебаки,31.8,55.4296181,42.5125538,Нижегородская область,Приволжский,1677,14
Лысково,21.1,56.0262359,45.035771,Нижегородская область,Приволжский,1410,12
Нижний Новгород,1252.2,56.3240627,44.0053913,Нижегородская область,Приволжский,1221,410
Павлово,56.7,55.9797564,43.0995042,Нижегородская область,Приволжский,1566,39
Саров,96.1,54.9228268,43.3448089,Нижегородская область,Приволжский,1691,249
Сергач,19.9,55.5201515,45.4813231,Нижегородская область,Приволжский,1649,20
Шахунья,19.7,57.6764293,46.6129009,Нижегородская область,Приволжский,1912,18
Боровичи,49,58.3840197,33.9175929,Новгородская область,Северо-Западный,1400,45
Великий Новгород,224.9,58.5213846,31.2755394,Новгородская область,Северо-Западный,930,90.08
Старая Русса,27.7,57.990737,31.3554897,Новгородская область,Северо-Западный,1167,18.54
Барабинск,28.7,55.35146,78.3464506,Новосибирская область,Сибирский,1893,69.48
Бердск,104.3,54.7582156,83.1070605,Новосибирская область,Сибирский,1716,67
Болотное,15.5,55.6692421,84.3906889,Новосибирская область,Сибирский,1805,59
Искитим,56,54.6267603,83.2951244,Новосибирская область,Сибирский,1717,29.9
Куйбышев,43.5,55.4685094,78.3242048,Новосибирская область,Сибирский,1722,109.73
Новосибирск,1625.6,55.028191,82.9211489,Новосибирская область,Сибирский,1893,502.7
Обь,29.9,54.9945576,82.6937181,Новосибирская область,Сибирский,1934,22
Татарск,23.4,55.2146167,75.9739914,Новосибирская область,Сибирский,1894,80
Тогучин,20.8,55.2251631,84.4104118,Новосибирская область,Сибирский,1867,81
Черепаново,19.1,54.2206476,83.3724521,Новосибирская область,Сибирский,1912,20
Исилькуль,22.4,54.9096002,71.2816284,Омская область,Сибирский,1895,39
Калачинск,22.6,55.0598155,74.5653644,Омская область,Сибирский,1952,24
Омск,1154.5,54.9848566,73.3674517,Омская область,Сибирский,1716,566.9
Абдулино,18.6,53.6778906,53.6472483,Оренбургская область,Приволжский,1795,47
Бугуруслан,48.5,53.6523728,52.4326853,Оренбургская область,Приволжский,1748,76
Бузулук,86.1,52.7881277,52.2624877,Оренбургская область,Приволжский,1736,54
Гай,33.8,51.4649189,58.4436875,Оренбургская область,Приволжский,1959,62.14
Кувандык,23.3,51.4783857,57.3612636,Оренбургская область,Приволжский,1800,42.06
Медногорск,24.6,51.4037617,57.583163,Оренбургская область,Приволжский,1933,91.33
Новотроицк,83.7,51.1964202,58.3018192,Оренбургская область,Приволжский,1920,352.34
Оренбург,572.2,51.7875092,55.1018828,Оренбургская область,Приволжский,1743,258.57
Орск,226.5,51.2294282,58.4752777,Оренбургская область,Приволжский,1735,621.33
Соль-Илецк,26.9,51.1633736,54.9896726,Оренбургская область,Приволжский,1754,180
Сорочинск,27.1,52.426685,53.1542745,Оренбургская область,Приволжский,1737,55.93
Ясный,15.3,51.036838,59.874344,Оренбургская область,Приволжский,1961,67
Ливны,47.2,52.4284558,37.6039506,Орловская область,Центральный,1586,32.1
Мценск,36.6,53.2788438,36.5749105,Орловская область,Центральный,1146,20.81
Орел,308.8,52.9671298,36.0696427,Орловская область,Центральный,1566,121
Заречный,65.5,53.1960836,45.1689907,Пензенская область,Приволжский,1958,29
Кузнецк,80.5,53.1130888,46.605092,Пензенская область,Приволжский,1699,42.08
Нижний Ломов,20.5,53.5300905,43.6730217,Пензенская область,Приволжский,1636,14
Пенза,520.3,53.1753314,45.0348625,Пензенская область,Приволжский,1663,304.56
Сердобск,30.9,52.4697595,44.2122414,Пензенская область,Приволжский,1698,42
Березники,139.2,59.4079923,56.8039427,Пермский край,Приволжский,1623,431.1
Губаха,19.1,58.8371721,57.554533,Пермский край,Приволжский,1755,58
Краснокамск,52.5,58.0822065,55.7479936,Пермский край,Приволжский,1929,95.8
Кудымкар,30.4,59.0167925,54.6572508,Пермский край,Приволжский,1579,25.3
Кунгур,64.9,57.4283296,56.9438656,Пермский край,Приволжский,1663,68.7
Лысьва,60.3,58.0995875,57.8086825,Пермский край,Приволжский,1785,26.44
Пермь,1055.4,58.0102583,56.2342034,Пермский край,Приволжский,1723,800.5
Соликамск,92.6,59.6482998,56.771009,Пермский край,Приволжский,1430,166.55
Чайковский,82.4,56.7781501,54.1477965,Пермский край,Приволжский,1955,64
Чернушка,33.1,56.5160768,56.0763049,Пермский край,Приволжский,1854,28
Чусовой,43.7,58.2974596,57.8193615,Пермский край,Приволжский,1878,58
Арсеньев,52.2,44.1622031,133.2696209,Приморский край,Дальневосточный,1902,39.37
Артем,105.7,43.3501675,132.1596175,Приморский край,Дальневосточный,1908,122.58
Большой Камень,39.1,43.1111742,132.3480082,Приморский край,Дальневосточный,1947,119.8
Владивосток,606.6,43.1164904,131.8823937,Приморский край,Дальневосточный,1860,325.99
Дальнегорск,34.1,44.5539457,135.5662716,Приморский край,Дальневосточный,1897,31
Дальнереченск,25.1,45.9308483,133.7316907,Приморский край,Дальневосточный,1859,108.49
Лесозаводск,35.1,45.4780092,133.4186199,Приморский край,Дальневосточный,1932,71
Находка,145.2,42.8239372,132.8927361,Приморский край,Дальневосточный,1864,325.9
Партизанск,36.6,43.1280578,133.1264567,Приморский край,Дальневосточный,1896,126
Уссурийск,173.6,43.7971818,131.9518229,Приморский край,Дальневосточный,1866,173
Фокино,22.9,42.9706317,132.4110196,Приморский край,Дальневосточный,1899,24
Великие Луки,90.9,56.332208,30.5508641,Псковская область,Северо-Западный,1166,60.08
Псков,210.3,57.8194415,28.3317198,Псковская область,Северо-Западный,903,95
Майкоп,141.5,44.6098268,40.1006606,Республика Адыгея,Южный,1857,69.64
Горно-Алтайск,64.5,51.9581028,85.9603235,Республика Алтай,Сибирский,1830,95.5
Баймак,17.2,52.5912896,58.3110998,Республика Башкортостан,Приволжский,1850,139
Белебей,59.2,54.1034582,54.1113129,Республика Башкортостан,Приволжский,1757,34.26
Белорецк,64.9,53.9676488,58.4100419,Республика Башкортостан,Приволжский,1762,41
Бирск,46.5,55.4155753,55.5582214,Республика Башкортостан,Приволжский,1663,77.31
Благовещенск,34.8,55.0499867,55.9553186,Республика Башкортостан,Приволжский,1856,65
Ишимбай,64.4,53.4545764,56.0438751,Республика Башкортостан,Приволжский,1932,103.47
Кумертау,59.5,52.7564939,55.7970197,Республика Башкортостан,Приволжский,1947,170
Мелеуз,56.7,52.9589532,55.9282838,Республика Башкортостан,Приволжский,1766,32
Нефтекамск,131.1,56.088377,54.2483061,Республика Башкортостан,Приволжский,1957,147.25
Салават,150.5,53.3616974,55.9245224,Республика Башкортостан,Приволжский,1948,106.23
Сибай,60.8,52.7204651,58.6663783,Республика Башкортостан,Приволжский,1925,157.4
Стерлитамак,276.4,53.6300864,55.9317089,Республика Башкортостан,Приволжский,1766,108.52
Туймазы,68.2,54.5999224,53.6950623,Республика Башкортостан,Приволжский,1912,43
Уфа,1128.8,54.734944,55.9578468,Республика Башкортостан,Приволжский,1574,708
Учалы,37.9,54.3067375,59.4125461,Республика Башкортостан,Приволжский,1750,56
Янаул,25.1,56.2650146,54.929907,Республика Башкортостан,Приволжский,1730,26
Кяхта,20.3,50.346543,106.4533516,Республика Бурятия,Дальневосточный,1727,28
Северобайкальск,23.2,55.635614,109.3361505,Республика Бурятия,Дальневосточный,1974,110.54
Улан-Удэ,439.1,51.8335853,107.5842223,Республика Бурятия,Дальневосточный,1666,365.7
Буйнакск,65.7,42.8214424,47.1165263,Республика Дагестан,Северо-Кавказский,1834,21
Дагестанские Огни,29.7,42.1152296,48.1939354,Республика Дагестан,Северо-Кавказский,1914,9.27
Дербент,125.8,42.058966,48.2907452,Республика Дагестан,Северо-Кавказский,438,69.63
Избербаш,60.5,42.5650962,47.8710051,Республика Дагестан,Северо-Кавказский,1932,22
Каспийск,124,42.8916007,47.6367066,Республика Дагестан,Северо-Кавказский,1932,36.92
Кизилюрт,37.7,43.203825,46.8729636,Республика Дагестан,Северо-Кавказский,1927,50
Кизляр,49.4,43.8484083,46.7233699,Республика Дагестан,Северо-Кавказский,1735,32.31
Махачкала,603.5,42.9849159,47.5047181,Республика Дагестан,Северо-Кавказский,1844,592.72
Хасавюрт,145.1,43.2504665,46.5851292,Республика Дагестан,Северо-Кавказский,1846,40
Карабулак,42.7,43.3055248,44.9094582,Республика Ингушетия,Северо-Кавказский,1859,83.61
Малгобек,38.6,43.5096646,44.5901963,Республика Ингушетия,Северо-Кавказский,1934,100.79
Назрань,122.3,43.2257841,44.7645779,Республика Ингушетия,Северо-Кавказский,1781,118.28
Сунжа,66.3,43.3204196,45.0476331,Республика Ингушетия,Северо-Кавказский,1845,23
Элиста,103.1,46.3083344,44.2702088,Республика Калмыкия,Южный,1865,92.36
Кондопога,29.2,62.2059817,34.2682122,Республика Карелия,Северо-Западный,1563,11
Костомукша,29.6,64.5889398,30.6016832,Республика Карелия,Северо-Западный,1977,4
Петрозаводск,281,61.7891264,34.3596434,Республика Карелия,Северо-Западный,1703,113.26
Сегежа,26,63.7437572,34.3126982,Республика Карелия,Северо-Западный,1914,19
Сортавала,18.8,61.703367,30.6916998,Республика Карелия,Северо-Западный,1468,10
Воркута,52.8,67.4974082,64.061034,Республика Коми,Северо-Западный,1936,29.73
Печора,38.2,65.148584,57.2239777,Республика Коми,Северо-Западный,1940,28.9
Сосногорск,26,63.5989841,53.876293,Республика Коми,Северо-Западный,1939,24.9
Сыктывкар,244.4,61.6686617,50.8358151,Республика Коми,Северо-Западный,1780,152
Ухта,93.7,63.5565514,53.7014239,Республика Коми,Северо-Западный,1929,320
Алушта,30,44.6764304,34.4100624,Республика Крым,Южный,500,6.983
Армянск,21.4,46.1059307,33.6910012,Республика Крым,Южный,1736,16.2
Бахчисарай,26.7,44.7514769,33.8752176,Республика Крым,Южный,1503,29.285
Джанкой,38,45.7092306,34.3883372,Республика Крым,Южный,1842,26
Евпатория,108.2,45.190629,33.367634,Республика Крым,Южный,0,43.1338
Керчь,151.5,45.3562627,36.4674513,Республика Крым,Южный,0,109.161
Красноперекопск,24.9,45.9537576,33.7921939,Республика Крым,Южный,1932,22.4198
Саки,24.7,45.1341997,33.6033383,Республика Крым,Южный,1952,28.7
Симферополь,342,44.9482948,34.1001151,Республика Крым,Южный,1784,107.4
Судак,16.5,44.8504679,34.9762034,Республика Крым,Южный,212,23.4
Феодосия,68,45.0318393,35.3824259,Республика Крым,Южный,0,33.301179
Ялта,79,44.4953612,34.166308,Республика Крым,Южный,1154,15.6323
Волжск,53.2,55.8623156,48.3715083,Республика Марий Эл,Приволжский,1933,39.47
Йошкар-Ола,274.7,56.6343662,47.8999706,Республика Марий Эл,Приволжский,1584,100.39
Козьмодемьянск,20.1,56.3334036,46.546675,Республика Марий Эл,Приволжский,1583,13.41
Рузаевка,44.3,54.0581967,44.9490466,Республика Мордовия,Приволжский,1631,26.5
Саранск,320.6,54.1809332,45.1862632,Республика Мордовия,Приволжский,1641,81.478
Алдан,20.6,58.6094283,125.3817188,Республика Саха (Якутия),Дальневосточный,1924,33
Ленск,23.2,60.7276196,114.9548255,Республика Саха (Якутия),Дальневосточный,1663,49
Мирный,35.4,62.536232,113.9667728,Республика Саха (Якутия),Дальневосточный,1955,50.8
Нерюнгри,57.9,56.6599953,124.7202403,Республика Саха (Якутия),Дальневосточный,1975,98.9
Якутск,323,62.0281405,129.7325887,Республика Саха (Якутия),Дальневосточный,1632,122
Алагир,19.7,43.0417684,44.2199715,Республика Северная Осетия – Алания,Северо-Кавказский,1850,26.76
Беслан,37.4,43.1937529,44.5338707,Республика Северная Осетия – Алания,Северо-Кавказский,1847,23.17
Владикавказ,303.6,43.020588,44.6819182,Республика Северная Осетия – Алания,Северо-Кавказский,1784,291.61
Моздок,42,43.7471342,44.6569607,Республика Северная Осетия – Алания,Северо-Кавказский,1763,17.5
Агрыз,19.7,56.5232864,52.9943775,Республика Татарстан,Приволжский,1646,8.6
Азнакаево,34.2,54.8598642,53.0745527,Республика Татарстан,Приволжский,1762,15
Альметьевск,158.4,54.9014619,52.2970467,Республика Татарстан,Приволжский,1700,118
Арск,20.4,56.0912567,49.877067,Республика Татарстан,Приволжский,1200,19.27
Бавлы,22.2,54.4062891,53.2458065,Республика Татарстан,Приволжский,1658,18.2
Бугульма,82.5,54.5363495,52.7895849,Республика Татарстан,Приволжский,1736,27.87
Елабуга,74,55.7567107,52.0543794,Республика Татарстан,Приволжский,1000,41.1
Заинск,39.6,55.299053,52.0062972,Республика Татарстан,Приволжский,1656,25
Зеленодольск,100,55.8466651,48.5010954,Республика Татарстан,Приволжский,1865,37.73
Казань,1257.4,55.7943584,49.1114975,Республика Татарстан,Приволжский,1005,588.9844
Лениногорск,61.7,54.5967034,52.4431906,Республика Татарстан,Приволжский,1795,24.65
Мамадыш,15.9,55.7150413,51.4129016,Республика Татарстан,Приволжский,1391,15
Менделеевск,22.1,55.895169,52.3143347,Республика Татарстан,Приволжский,1868,30.65
Мензелинск,16.9,55.7270698,53.1003968,Республика Татарстан,Приволжский,1586,10
Набережные Челны,533.8,55.7434619,52.3959165,Республика Татарстан,Приволжский,1626,161
Нижнекамск,240,55.6313609,51.8144669,Республика Татарстан,Приволжский,1961,116
Нурлат,32,54.4281461,50.8049337,Республика Татарстан,Приволжский,1905,22.6
Чистополь,59.4,55.3699139,50.6285784,Республика Татарстан,Приволжский,1700,19.24
Кызыл,119.4,51.7191047,94.4376882,Республика Тыва,Сибирский,1914,97.41
Абакан,186.8,53.7223325,91.4436721,Республика Хакасия,Сибирский,1734,112.38
Саяногорск,46,53.1008083,91.4122454,Республика Хакасия,Сибирский,1830,19
Черногорск,75.4,53.8259342,91.3260229,Республика Хакасия,Сибирский,1936,117
Азов,80.4,47.1121589,39.4232555,Ростовская область,Южный,1067,67.5
Аксай,46,47.2676314,39.8756872,Ростовская область,Южный,1570,67.5
Батайск,127.9,47.1383299,39.7507179,Ростовская область,Южный,1769,77.68
Белая Калитва,39.3,48.1769737,40.8033529,Ростовская область,Южный,1703,22.1
Волгодонск,171.4,47.5165338,42.1984951,Ростовская область,Южный,1950,182.3
Гуково,63.2,48.0448904,39.9484672,Ростовская область,Южный,1878,40
Донецк,46.7,48.3350706,39.945891,Ростовская область,Южный,1681,112
Зверево,18,48.0435487,40.1265822,Ростовская область,Южный,1819,31.21
Зерноград,24.1,46.8495958,40.312837,Ростовская область,Южный,1929,12.36
Каменск-Шахтинский,87.8,48.3205326,40.2689583,Ростовская область,Южный,1671,159.99
Константиновск,16.9,47.5773717,41.0967445,Ростовская область,Южный,1593,298
Красный Сулин,37.6,47.8831311,40.0781298,Ростовская область,Южный,1797,93.6
Миллерово,34.5,48.9260077,40.3984087,Ростовская область,Южный,1786,44.75
Морозовск,24.6,48.3511807,41.8309225,Ростовская область,Южный,1910,26
Новочеркасск,168,47.411919,40.1042098,Ростовская область,Южный,1805,128
Новошахтинск,106.6,47.757773,39.9363697,Ростовская область,Южный,1910,136
Ростов-на-Дону,1137.9,47.2224566,39.718803,Ростовская область,Южный,1749,348.5
Сальск,56.8,46.4752095,41.5410415,Ростовская область,Южный,1812,43.883
Семикаракорск,21.9,47.5177337,40.8114167,Ростовская область,Южный,1672,140
Таганрог,248.6,47.2094917,38.9350989,Ростовская область,Южный,1698,95
Шахты,230.3,47.7085287,40.2159846,Ростовская область,Южный,1805,158.2
Касимов,29.2,54.9373475,41.3913211,Рязанская область,Центральный,1152,31.7
Новомичуринск,16.5,54.0376572,39.74654,Рязанская область,Центральный,1968,26
Рыбное,20.7,54.7256164,39.5134398,Рязанская область,Центральный,1597,15.36
Ряжск,20.9,53.7067584,40.0522274,Рязанская область,Центральный,1502,21
Рязань,539.3,54.6254445,39.7358609,Рязанская область,Центральный,1095,224.163
Сасово,23.8,54.3508885,41.9117422,Рязанская область,Центральный,1642,23.79
Скопин,25.7,53.823543,39.5492421,Рязанская область,Центральный,1676,30.9
Жигулевск,51.6,53.4011981,49.4945176,Самарская область,Приволжский,1949,60.8
Кинель,35.8,53.2210298,50.6343776,Самарская область,Приволжский,1837,36.75
Новокуйбышевск,100.5,53.0994565,49.9477382,Самарская область,Приволжский,1946,86
Отрадный,47.1,53.3800848,51.3438605,Самарская область,Приволжский,1920,10
Похвистнево,27.9,53.6498299,52.1235156,Самарская область,Приволжский,1888,651.7829
Самара,1156.7,53.1950306,50.1069518,Самарская область,Приволжский,1586,541.4
Сызрань,167.1,53.1558674,48.4744629,Самарская область,Приволжский,1683,117
Тольятти,699.4,53.5205348,49.3894028,Самарская область,Приволжский,1737,314.78
Чапаевск,71.7,52.928961,49.8673269,Самарская область,Приволжский,1909,187.49
Санкт-Петербург,5384.3,59.9391313,30.3159004,Санкт-Петербург,Северо-Западный,1703,1439
Аткарск,24.1,51.8736062,45.0003247,Саратовская область,Приволжский,1700,10.54
Балаково,187.5,52.0224231,47.7827765,Саратовская область,Приволжский,1762,79
Балашов,75.8,51.5388697,43.1839757,Саратовская область,Приволжский,1600,72.9
Вольск,61.9,52.0459865,47.3873595,Саратовская область,Приволжский,1780,148
Ершов,18.8,51.3508505,48.2762226,Саратовская область,Приволжский,1893,21
Калининск,15.6,51.4993591,44.4710435,Саратовская область,Приволжский,1680,24
Красноармейск,22.3,51.023541,45.695044,Саратовская область,Приволжский,1928,156.43
Новоузенск,15.1,50.455199,48.1413153,Саратовская область,Приволжский,1760,43
Петровск,28.2,52.3094237,45.3851877,Саратовская область,Приволжский,1698,27
Пугачев,40.6,52.0159921,48.7972223,Саратовская область,Приволжский,1764,79
Ртищево,38.4,52.2616271,43.7842248,Саратовская область,Приволжский,1666,33
Саратов,838,51.533557,46.034257,Саратовская область,Приволжский,1590,1490
Энгельс,227,51.4854003,46.126722,Саратовская область,Приволжский,1747,113.77
Оха,20,53.5867839,142.9412411,Сахалинская область,Дальневосточный,1908,20.98
Поронайск,15.6,49.238866,143.1008333,Сахалинская область,Дальневосточный,1869,55
Холмск,27.1,47.0408423,142.041688,Сахалинская область,Дальневосточный,1870,32
Южно-Сахалинск,200.6,46.9591631,142.737976,Сахалинская область,Дальневосточный,1882,236.2
Алапаевск,37.1,57.8475571,61.6693817,Свердловская область,Уральский,1639,95
Арамиль,15.4,56.694632,60.8343125,Свердловская область,Уральский,1675,21.82
Артемовский,30.1,57.3384177,61.8947443,Свердловская область,Уральский,1921,47
Верхняя Пышма,72.7,56.9758903,60.5650383,Свердловская область,Уральский,1854,38.47
Верхняя Салда,41.2,58.0465803,60.5560164,Свердловская область,Уральский,1778,72
Дегтярск,15.6,56.7048206,60.079138,Свердловская область,Уральский,1914,19
Екатеринбург,1493.7,56.8385216,60.6054911,Свердловская область,Уральский,1723,1110.69
Заречный,27.9,56.8102931,61.3380029,Свердловская область,Уральский,1958,29
Ивдель,15.4,60.6944496,60.4245069,Свердловская область,Уральский,1831,50
Ирбит,36.5,57.6838362,63.057675,Свердловская область,Уральский,1631,64.23
Каменск-Уральский,166.1,56.414962,61.9188674,Свердловская область,Уральский,1682,144.08
Камышлов,25.8,56.8465034,62.7119766,Свердловская область,Уральский,1668,51.75
Карпинск,25.9,59.7665925,60.0011703,Свердловская область,Уральский,1759,83
Качканар,38.1,58.7051762,59.4839155,Свердловская область,Уральский,1957,317
Кировград,18.7,57.4299433,60.0624051,Свердловская область,Уральский,1661,10
Краснотурьинск,56.3,59.7636635,60.1934525,Свердловская область,Уральский,1758,309.5
Красноуральск,22.5,58.348651,60.0408764,Свердловская область,Уральский,1925,21.7
Красноуфимск,37.7,56.612387,57.7636637,Свердловская область,Уральский,1736,47
Кушва,27.2,58.2826013,59.7645766,Свердловская область,Уральский,1735,50
Невьянск,22.8,57.49131,60.2183429,Свердловская область,Уральский,1701,39.13
Нижний Тагил,349,57.910126,59.9812853,Свердловская область,Уральский,1722,297.47
Нижняя Тура,19.4,58.6309267,59.8520344,Свердловская область,Уральский,1754,42
Новоуральск,80.4,57.2472567,60.0956714,Свердловская область,Уральский,1941,31.9
Первоуральск,120.8,56.9080085,59.942926,Свердловская область,Уральский,1732,66
Полевской,61,56.4956952,60.2365298,Свердловская область,Уральский,1718,57
Ревда,61.5,56.7986319,59.9071591,Свердловская область,Уральский,1734,111
Реж,36.8,57.3717477,61.3833842,Свердловская область,Уральский,1773,33
Североуральск,25.6,60.1533109,59.9525245,Свердловская область,Уральский,1758,80
Серов,95.9,59.6047724,60.5753882,Свердловская область,Уральский,1893,418
Среднеуральск,23.7,56.9918901,60.4771018,Свердловская область,Уральский,1931,83.8
Тавда,32.6,58.0434672,65.274217,Свердловская область,Уральский,1910,148
Талица,15.6,57.0122687,63.7320757,Свердловская область,Уральский,1732,64
Туринск,17.1,58.0393524,63.6981973,Свердловская область,Уральский,1600,28
Севастополь,510,44.6167013,33.525355,Севастополь,Южный,1783,863.6
Вязьма,52.3,55.2116983,34.2951663,Смоленская область,Центральный,1239,44
Рославль,48.9,53.9449558,32.8480258,Смоленская область,Центральный,1137,43
Смоленск,325.5,54.782635,32.045251,Смоленская область,Центральный,863,166.35
Ярцево,42.7,55.0564732,32.6902302,Смоленская область,Центральный,1610,32
Благодарный,30.4,45.0989782,43.4306455,Ставропольский край,Северо-Кавказский,1782,24
Буденновск,61.3,44.7816067,44.1650339,Ставропольский край,Северо-Кавказский,1799,62.1
Георгиевск,66.4,44.1485694,43.4739851,Ставропольский край,Северо-Кавказский,1777,25
Ессентуки,113.1,44.0446186,42.8588653,Ставропольский край,Северо-Кавказский,1825,50
Железноводск,24.9,44.1320568,43.0306461,Ставропольский край,Северо-Кавказский,1810,93.13
Зеленокумск,34.1,44.4032668,43.8841877,Ставропольский край,Северо-Кавказский,1781,24
Изобильный,37.8,45.3684296,41.708702,Ставропольский край,Северо-Кавказский,1895,28
Ипатово,23.2,45.7181751,42.8970206,Ставропольский край,Северо-Кавказский,1860,16
Кисловодск,128.8,43.9052044,42.7168721,Ставропольский край,Северо-Кавказский,1803,71.83
Лермонтов,22.9,44.1054107,42.973135,Ставропольский край,Северо-Кавказский,1953,31
Минеральные Воды,73.9,44.2087273,43.138408,Ставропольский край,Северо-Кавказский,1878,51.55
Невинномысск,116.7,44.6226031,41.9476723,Ставропольский край,Северо-Кавказский,1825,98.5
Нефтекумск,24.4,44.7544552,44.9865347,Ставропольский край,Северо-Кавказский,1958,40
Новоалександровск,26.5,45.4932733,41.2153996,Ставропольский край,Северо-Кавказский,1804,21
Новопавловск,26.1,43.9617097,43.6342865,Ставропольский край,Северо-Кавказский,1777,19
Пятигорск,147.9,44.041091,43.0661553,Ставропольский край,Северо-Кавказский,1780,97
Светлоград,35.4,45.328659,42.8565714,Ставропольский край,Северо-Кавказский,1786,41
Ставрополь,450.7,45.044516,41.9689655,Ставропольский край,Северо-Кавказский,1777,171.7
Кирсанов,16.1,52.6506335,42.7286445,Тамбовская область,Центральный,1702,10.9
Котовск,28.9,52.5924489,41.5101237,Тамбовская область,Центральный,1940,17.3
Мичуринск,90.7,52.8912389,40.5104443,Тамбовская область,Центральный,1635,78
Моршанск,38,53.4436216,41.8115478,Тамбовская область,Центральный,1623,18.52
Рассказово,42.7,52.6538833,41.874285,Тамбовская область,Центральный,1698,36.12
Тамбов,292.1,52.7213154,41.452264,Тамбовская область,Центральный,1636,107.31
Уварово,23.1,51.9767841,42.2529799,Тамбовская область,Центральный,1699,23
Бежецк,20.4,57.7860089,36.6904983,Тверская область,Центральный,1137,17
Бологое,20.5,57.8855767,34.0537771,Тверская область,Центральный,1495,120
Вышний Волочек,45.5,57.568302,34.5404016,Тверская область,Центральный,1437,54
Кимры,43.2,56.8733213,37.3556605,Тверская область,Центральный,1546,44
Конаково,36.5,56.7275204,36.8012716,Тверская область,Центральный,1806,39.03
Нелидово,18.1,56.2232566,32.7767459,Тверская область,Центральный,1900,20.5
Осташков,15.4,57.1456744,33.1115372,Тверская область,Центральный,1300,13
Ржев,57.5,56.262881,34.3291002,Тверская область,Центральный,1216,56.17
Тверь,425.1,56.8586059,35.9116761,Тверская область,Центральный,1135,152.22
Торжок,44.4,57.04133,34.9602344,Тверская область,Центральный,850,58.8
Удомля,27.2,57.8787314,35.0167348,Тверская область,Центральный,1478,9
Асино,24.4,56.9907085,86.1765257,Томская область,Сибирский,1896,90
Колпашево,22.9,58.3114253,82.9025829,Томская область,Сибирский,1600,35
Северск,106.5,56.6031285,84.8809926,Томская область,Сибирский,1949,485.65
Стрежевой,40.8,60.732895,77.604122,Томская область,Сибирский,1966,31
Томск,576.6,56.4845804,84.9481582,Томская область,Сибирский,1604,294.6
Алексин,57.5,54.5083349,37.0478067,Тульская область,Центральный,1348,37.95
Богородицк,30.4,53.7701014,38.1225152,Тульская область,Центральный,1663,27
Кимовск,25.6,53.9698378,38.5380808,Тульская область,Центральный,1600,17
Киреевск,26.3,53.9319555,37.9220351,Тульская область,Центральный,1762,11.49
Плавск,15.7,53.7096415,37.2862352,Тульская область,Центральный,1563,8.64
Суворов,17.2,54.1343585,36.4807419,Тульская область,Центральный,1949,25.6
Тула,475.2,54.1920559,37.6153842,Тульская область,Центральный,1146,145.8
Губкинский,29.2,64.4457594,76.4713274,Тюменская область,Уральский,1986,73
Заводоуковск,26.5,56.5027463,66.5513613,Тюменская область,Уральский,1729,20.96
Ишим,64.4,56.1104858,69.4795776,Тюменская область,Уральский,1687,46.1
Когалым,67.7,62.2639527,74.4829794,Тюменская область,Уральский,1975,200
Лабытнанги,26.3,66.6592841,66.3883009,Тюменская область,Уральский,1890,22
Лангепас,44.6,61.2536939,75.1807763,Тюменская область,Уральский,1980,59.51
Лянтор,41.2,61.6392863,72.179409,Тюменская область,Уральский,1932,63.07
Мегион,46.6,61.0318712,76.1025878,Тюменская область,Уральский,1810,50.51
Надым,44.8,65.5377966,72.5182736,Тюменская область,Уральский,1597,185
Нефтеюганск,127.3,61.0882676,72.6164079,Тюменская область,Уральский,1961,154
Нижневартовск,277.7,60.9396698,76.5696184,Тюменская область,Уральский,1909,270.59
Новый Уренгой,118,66.0839433,76.6809681,Тюменская область,Уральский,1975,226.5
Ноябрьск,106.9,63.2018039,75.4510581,Тюменская область,Уральский,1976,38.84
Нягань,58.6,62.1454701,65.3946047,Тюменская область,Уральский,1965,814
Покачи,18.1,61.7422169,75.5941517,Тюменская область,Уральский,1984,22.84
Пыть-Ях,39.6,60.7585833,72.8365617,Тюменская область,Уральский,1968,80.4
Радужный,43.7,62.1342888,77.4584094,Тюменская область,Уральский,1973,113.2
Салехард,51,66.5492077,66.6085318,Тюменская область,Уральский,1595,84.5
Сургут,380.6,61.2541083,73.3961587,Тюменская область,Уральский,1594,353.97
Тобольск,98.9,58.2017299,68.2538558,Тюменская область,Уральский,1587,222
Тюмень,807.3,57.1529744,65.5344099,Тюменская область,Уральский,1586,698.48
Урай,40.5,60.1296954,64.8038508,Тюменская область,Уральский,1922,54.3
Ханты-Мансийск,101.5,61.0023984,69.0184798,Тюменская область,Уральский,1582,337.76
Югорск,38,61.3123568,63.3365484,Тюменская область,Уральский,1962,65.217
Ялуторовск,40.3,56.6547289,66.3122992,Тюменская область,Уральский,1659,51.91
Воткинск,97.2,57.0518149,53.9873096,Удмуртская Республика,Приволжский,1759,112.18
Глазов,92.3,58.1359233,52.6635038,Удмуртская Республика,Приволжский,1678,68.27
Ижевск,648.1,56.852738,53.2114896,Удмуртская Республика,Приволжский,1760,315.15
Можга,49,56.4427774,52.2137886,Удмуртская Республика,Приволжский,1835,31
Сарапул,95.4,56.4615767,53.8037657,Удмуртская Республика,Приволжский,1621,89
Димитровград,113.5,54.2167926,49.6262585,Ульяновская область,Приволжский,1698,103.98
Инза,17.2,53.8549647,46.3533459,Ульяновская область,Приволжский,1897,22
Ульяновск,627.7,54.3079415,48.3748487,Ульяновская область,Приволжский,1648,316
Амурск,38.9,50.2344147,136.8792444,Хабаровский край,Дальневосточный,1958,146.4
Бикин,16.1,46.8185743,134.2550718,Хабаровский край,Дальневосточный,1895,85.74
Комсомольск-на-Амуре,244.8,50.5498936,137.0079408,Хабаровский край,Дальневосточный,1860,325.1
Николаевск-на-Амуре,17.9,53.1460657,140.7111367,Хабаровский край,Дальневосточный,1850,17
Хабаровск,616.4,48.4647258,135.0598942,Хабаровский край,Дальневосточный,1858,389
Аша,29.1,54.9906527,57.2783953,Челябинская область,Уральский,1898,52.4
Бакал,18.7,54.9406399,58.8051698,Челябинская область,Уральский,1757,50
Верхний Уфалей,26.7,56.0487158,60.2318886,Челябинская область,Уральский,1761,65
Еманжелинск,28.2,54.7554548,61.3243477,Челябинская область,Уральский,1931,129.9
Златоуст,163.9,55.1714905,59.6725549,Челябинская область,Уральский,1754,236.4
Карталы,28.2,53.0536197,60.6478408,Челябинская область,Уральский,1810,86.13
Касли,15.7,55.8868784,60.7421663,Челябинская область,Уральский,1747,39.76
Катав-Ивановск,15.5,54.7521438,58.1983648,Челябинская область,Уральский,1755,24.7
Копейск,147.6,55.116665,61.6179185,Челябинская область,Уральский,1907,236.71
Коркино,34,54.8903147,61.4034576,Челябинская область,Уральский,1795,109
Куса,16.7,55.3386053,59.4385778,Челябинская область,Уральский,1778,15
Кыштым,36.2,55.7061276,60.5563781,Челябинская область,Уральский,1757,45.67
Магнитогорск,413.3,53.4072153,58.9791437,Челябинская область,Уральский,1929,392.35
Миасс,151.5,55.0456457,60.1077572,Челябинская область,Уральский,1773,111.9
Озерск,78.4,55.763154,60.7076198,Челябинская область,Уральский,1946,657.3
Сатка,41.3,55.0405288,59.0288975,Челябинская область,Уральский,1758,46.2
Снежинск,51.8,56.0851495,60.7324914,Челябинская область,Уральский,1955,357
Трехгорный,32.7,54.8178249,58.4464194,Челябинская область,Уральский,1952,162.49
Троицк,73.4,54.0843745,61.5586831,Челябинская область,Уральский,1743,139.15
Усть-Катав,21.8,54.9260812,58.152805,Челябинская область,Уральский,1758,27.45
Чебаркуль,41.3,54.9818567,60.3773121,Челябинская область,Уральский,1736,71.13
Челябинск,1196.7,55.1602624,61.4008078,Челябинская область,Уральский,1736,500.91
Южноуральск,37.6,54.448927,61.2581158,Челябинская область,Уральский,1948,110.57
Аргун,39.3,43.2916774,45.8723105,Чеченская Республика,Северо-Кавказский,1700,28
Грозный,305.9,43.3180145,45.698291,Чеченская Республика,Северо-Кавказский,1818,324.16
Гудермес,55.9,43.3519142,46.1035645,Чеченская Республика,Северо-Кавказский,1700,50
Курчалой,26.6,43.2046547,46.0889364,Чеченская Республика,Северо-Кавказский,1860,38.15
Урус-Мартан,62.7,43.120175,45.539276,Чеченская Республика,Северо-Кавказский,1708,25.13
Шали,55.1,43.1488691,45.9009629,Чеченская Республика,Северо-Кавказский,1378,34.038
Алатырь,33.8,54.8397989,46.5721997,Чувашская Республика,Приволжский,1552,41.7
Канаш,44.8,55.507,47.4918273,Чувашская Республика,Приволжский,1588,18.5
Новочебоксарск,127.2,56.1094977,47.4791113,Чувашская Республика,Приволжский,1960,51.14
Чебоксары,497.6,56.1438298,47.2489782,Чувашская Республика,Приволжский,1469,251
Шумерля,28.4,55.4962415,46.4182681,Чувашская Республика,Приволжский,1916,13.3
Анадырь,15.8,64.7313924,177.5015421,Чукотский автономный округ,Дальневосточный,1889,20
Гаврилов-Ям,16.5,57.3091058,39.8546444,Ярославская область,Центральный,1545,11
Переславль-Залесский,37.9,56.7360544,38.8543617,Ярославская область,Центральный,1152,23.01
Ростов Великий,30.5,57.2051315,39.4378622,Ярославская область,Центральный,862,32
Рыбинск,184.6,58.0485495,38.8584119,Ярославская область,Центральный,1071,101.42
Тутаев,39.8,57.8674993,39.5369627,Ярославская область,Центральный,1200,25.5
Углич,31.8,57.5224249,38.3020044,Ярославская область,Центральный,1148,26.6
Ярославль,608.4,57.6215477,39.8977411,Ярославская область,Центральный,1010,205.8
